{"cameraMode":{"drawMode":0,"name":"Shaded","section":"Shading Mode"},"sceneLighting":true,"audioPlay":false,"sceneViewState":{"m_AlwaysRefresh":false,"showFog":true,"showSkybox":true,"showFlares":true,"showImageEffects":true,"showParticleSystems":true,"showVisualEffectGraphs":true,"m_FxEnabled":true},"in2DMode":false,"pivot":{"x":-40.347068786621097,"y":5.855628967285156,"z":40.98384475708008},"rotation":{"x":0.021762967109680177,"y":0.9706423282623291,"z":-0.21941231191158296,"w":0.09639809280633927},"size":0.8660253882408142,"orthographic":false}