{"cameraMode":{"drawMode":0,"name":"Shaded","section":"Shading Mode"},"sceneLighting":true,"audioPlay":false,"sceneViewState":{"m_AlwaysRefresh":false,"showFog":true,"showSkybox":true,"showFlares":true,"showImageEffects":true,"showParticleSystems":true,"showVisualEffectGraphs":true,"m_FxEnabled":true},"in2DMode":false,"pivot":{"x":49.53548812866211,"y":1.5516281127929688,"z":-14.774621963500977},"rotation":{"x":0.12838749587535859,"y":0.7798798084259033,"z":-0.17016734182834626,"w":0.5885589122772217},"size":50.886409759521487,"orthographic":false}